k,inertia,silhouette
2,1139.8725380530816,0.4196339421843801
3,904.9242039428605,0.3718294305710564
4,711.4813175277204,0.39838731703227526
5,572.9838213357566,0.4277276042631297
6,491.84862110911365,0.4554310244194054
7,418.49361681697985,0.4674943800951244
8,367.5410299858497,0.4925274263053814
