modelo,alpha_empirico
OLS,0.46337716714181
Ridge,0.4246267673980799
K-Means,0.6419748288302849
Random Forest,0.7184966443920635
Gradient Boosting,1.030600901359761
