Q1_filtro_categorico_pre,Q2_filtro_numerico_pre,Q4_agregacion_pre,Q1_filtro_categorico_post,Q2_filtro_numerico_post,Q4_agregacion_post,n,Q1_filtro_categorico_speedup,Q2_filtro_numerico_speedup,Q4_agregacion_speedup
1.8273999958182685,1.8423499932396226,0.19784999312832952,1.6843499906826764,1.199450001877267,0.1228500041179359,350,1.0849289078439173,1.535995656639417,1.610500500581129
5.588150001130998,3.8843000002088957,0.4087000052095391,3.698599997733254,3.4472999977879226,0.15364999853773043,1000,1.510882497311357,1.1267658755261767,2.659941484536873
18.98990000336198,23.67489999596728,4.677600001741666,25.84604999719886,27.74535000207834,0.5410499943536706,5000,0.7347312260643335,0.8532925334945801,8.64541179291472
34.16455000115093,39.14495000208262,8.096249999653082,46.478849995764904,51.78295000951039,0.9942000033333898,10000,0.7350558373166282,0.7559428343671675,8.143482169088395
192.75280000147177,193.82149999728426,62.329000007594004,243.60594999598106,320.33824999962235,4.519349997281097,50000,0.7912483254397183,0.6050526279565827,13.791585083052206
